id,from,to,from_lon,from_lat,to_lon,to_lat,length,freespeed,direction
110853728_0,436764933,588455698,-73.98462020,40.71043724,-73.98463560,40.71050454,7.60367,4.16667,exit
110853728_0_r,588455698,436764933,-73.98463560,40.71050454,-73.98462020,40.71043724,7.60367,4.16667,entry
116672631_0,246857084,246879394,-74.01076720,40.72913414,-74.01094200,40.72915254,14.88739,4.16667,entry
116672631_0_r,246879394,246857084,-74.01094200,40.72915254,-74.01076720,40.72913414,14.88739,4.16667,exit
11878036_0,4148924140,106706938,-73.95407050,40.74155254,-73.97311070,40.74594974,1956.93083,33.33333,entry
122660455_0,205024444,4157854448,-73.99684910,40.70902664,-73.99954990,40.70808394,254.02879,33.33333,entry
125527383_0,42424641,42423295,-73.97686010,40.71461164,-73.97758600,40.71325004,163.48019,8.33333,exit
125527384_0,42423295,42437519,-73.97758600,40.71325004,-73.97802340,40.71241284,100.23857,8.33333,entry
134484064_0,1478572209,1478572211,-73.97252770,40.74069304,-73.97240530,40.74079464,15.31323,4.16667,entry
140391516_1,1538237310,1538237325,-73.99789290,40.70919024,-73.99783130,40.70897894,24.09106,4.16667,exit
140391516_1_r,1538237325,1538237310,-73.99783130,40.70897894,-73.99789290,40.70919024,24.09106,4.16667,entry
162041587_2,42451018,42439191,-73.97487070,40.73420084,-73.97446110,40.73274554,165.87098,22.22222,exit
164420221_0,247084442,1760566994,-74.00238390,40.76069604,-74.00290600,40.76036654,63.65861,4.16667,entry
164420221_1,1760566994,247079889,-74.00290600,40.76036654,-74.00343100,40.75925274,142.20001,4.16667,exit
169267538_0,62915549,4500909091,-74.00106210,40.76195724,-74.00064740,40.76178594,39.82786,22.22222,entry
169267538_0_r,4500909091,62915549,-74.00064740,40.76178594,-74.00106210,40.76195724,39.82786,22.22222,exit
169381965_0,42455119,42436531,-73.96150930,40.76024034,-73.96106360,40.76086394,78.93855,22.22222,exit
169383518_0,42432548,42426851,-73.96875650,40.74756004,-73.96927250,40.74693004,82.53559,22.22222,exit
170113137_0,1812608108,42448570,-74.01039150,40.72909354,-74.01055540,40.72911124,13.96601,12.50000,exit
194920158_0,62915521,4782404430,-73.99667290,40.76673814,-73.99635890,40.76660674,30.24579,16.66667,entry
194923765_0,5137747688,42448714,-73.97478070,40.73536954,-73.97510820,40.73541844,29.49973,16.66667,entry
194923765_0_r,42448714,5137747688,-73.97510820,40.73541844,-73.97478070,40.73536954,29.49973,16.66667,exit
194923794_0,42429666,42429664,-74.00812600,40.74537744,-74.00638500,40.74464604,167.89574,12.50000,entry
194923799_0,246580758,246580736,-74.00703720,40.74892044,-74.00764960,40.74818434,97.78149,16.66667,exit
195743342_5,42436510,4347534783,-73.97209900,40.76551804,-73.97255300,40.76489804,78.92205,16.66667,entry
196116974_0,42459436,42453472,-74.00825400,40.73695304,-74.00983400,40.73694944,133.27091,8.33333,exit
196116975_2,42421972,42428570,-73.98225480,40.76979214,-73.98220670,40.76894564,94.31916,22.22222,entry
19726366_0,1538237325,205025778,-73.99783130,40.70897894,-73.99926430,40.70877054,123.13363,16.66667,entry
198595549_1,4798293329,42424098,-73.96369890,40.76151284,-73.96390470,40.76123284,35.67414,22.22222,entry
198924625_0,2089938146,42423579,-73.94887580,40.75450374,-73.96055100,40.75957384,1134.79545,33.33333,entry
198924626_0,2089938149,2089938145,-73.96062740,40.75945804,-73.94897100,40.75439394,1133.08943,33.33333,exit
198924628_0,2089938148,2089938144,-73.96065280,40.75942924,-73.94897860,40.75438174,1133.47477,33.33333,exit
198924631_0,371037077,371034137,-73.96060650,40.75948284,-73.94895140,40.75442014,1132.91648,33.33333,exit
198924632_0,371034141,276032821,-73.94890200,40.75447574,-73.96056010,40.75954534,1133.51740,33.33333,entry
20254339_0,1103953627,214362644,-73.99339000,40.70394674,-73.99305750,40.70332454,74.73096,8.33333,exit
20254339_0_r,214362644,1103953627,-73.99305750,40.70332454,-73.99339000,40.70394674,74.73096,8.33333,entry
222299238_3,42459493,42453398,-74.01234060,40.71394514,-74.01341780,40.71443764,106.14589,16.66667,exit
226040986_0,4215665528,42431626,-74.01219060,40.71687854,-74.01275680,40.71713514,55.66085,16.66667,exit
226040986_0_r,42431626,4215665528,-74.01275680,40.71713514,-74.01219060,40.71687854,55.66085,16.66667,entry
226041031_7,5481839004,61275601,-73.99555490,40.76707074,-73.99622950,40.76734684,64.64889,8.33333,exit
226041034_1,247086017,247080924,-74.00202690,40.76158674,-74.00184050,40.76144884,24.06010,4.16667,exit
22904005_0,246650840,246580294,-74.00823240,40.74937794,-74.00829930,40.74929394,10.92102,4.16667,entry
22904005_1,246580294,246579751,-74.00829930,40.74929394,-74.00784270,40.74858974,92.92589,4.16667,exit
22904020_0,246580294,246580346,-74.00829930,40.74929394,-74.00843620,40.74476754,521.65402,4.16667,exit
22904053_0,246579597,42422258,-74.00769560,40.74775664,-74.00741260,40.74821374,56.61862,16.66667,entry
22909031_0,593816391,42440582,-74.00962530,40.74010184,-74.01133450,40.74055474,216.99527,4.16667,entry
22914180_0,42443677,42443676,-74.00773120,40.74750384,-74.00510670,40.74639484,253.43954,12.50000,entry
22914182_0,4872623863,42454381,-74.00801710,40.74598924,-74.00596000,40.74523104,198.63694,12.50000,entry
22916379_1,42430600,42434827,-74.00518430,40.75139324,-74.00756690,40.75239394,229.73870,8.33333,exit
22927373_0,42439099,42439096,-74.00980660,40.73755674,-74.00820600,40.73755404,135.00985,8.33333,entry
22927411_1,4207143421,42438060,-74.01149580,40.72297694,-74.01044960,40.72287294,89.02062,8.33333,entry
22927484_0,4207143432,42440854,-74.01045760,40.72555804,-74.01093000,40.72580674,49.70254,22.22222,exit
22927486_0,42445174,42445171,-74.01123460,40.72427634,-74.01022570,40.72417454,85.86734,8.33333,entry
22927765_0,246911576,246899083,-74.01580470,40.70705314,-74.01545120,40.70709844,31.15991,22.22222,entry
22927850_0,5815234915,246906179,-74.01507770,40.70971194,-74.01542670,40.70827944,163.11778,22.22222,entry
22927873_0,588593353,246899801,-74.01623240,40.70662864,-74.01667200,40.70510074,174.82705,33.33333,entry
22928102_0,588593611,42427411,-74.01577540,40.70774574,-74.01662600,40.70813404,83.79939,8.33333,entry
22928102_0_r,42427411,588593611,-74.01662600,40.70813404,-74.01577540,40.70774574,83.79939,8.33333,exit
22937785_0,42453548,373936427,-74.00052400,40.76264454,-74.00068260,40.76270484,14.96267,4.16667,entry
22941312_0,247086017,247118882,-74.00202690,40.76158674,-74.00425300,40.76247524,214.72783,4.16667,exit
22941312_0_r,247118882,247086017,-74.00425300,40.76247524,-74.00202690,40.76158674,214.72783,4.16667,entry
22941923_0,247120300,247123611,-73.99479450,40.76935294,-73.99435760,40.76986564,68.06509,13.88889,entry
22941930_0,61271722,42450352,-73.99421730,40.77150864,-73.99366010,40.77216044,87.96853,12.50000,entry
22942163_0,61272997,247124101,-73.99422980,40.77192964,-73.99471720,40.77139404,72.87503,22.22222,entry
25561967_0,588455738,278608571,-74.00019180,40.70922634,-73.99983760,40.70838624,98.61476,22.22222,entry
25562074_0,3884569924,588455738,-74.00121060,40.71005624,-74.00019180,40.70922634,126.27158,16.66667,exit
265357871_0,2710280727,247118712,-74.00159760,40.76280614,-74.00353210,40.76359994,185.50596,4.16667,exit
265357871_0_r,247118712,2710280727,-74.00353210,40.76359994,-74.00159760,40.76280614,185.50596,4.16667,entry
320888283_0,3276524464,427841011,-74.00967700,40.76292124,-73.99675800,40.75756504,1244.68287,33.33333,entry
320888292_0,42423847,3276524465,-73.99920830,40.75887384,-74.00952990,40.76313154,991.51025,33.33333,exit
32935111_0,370888098,42423307,-73.98352770,40.71060074,-73.98163690,40.71073614,160.25913,33.33333,exit
32935112_0,370888100,370888101,-73.98055090,40.71093494,-73.98234670,40.71087664,151.67087,22.22222,entry
32936385_0,42437826,370898426,-73.97396910,40.73104164,-73.97215220,40.72962294,220.54157,22.22222,exit
32936739_0,370901769,42423039,-73.97501820,40.71863304,-73.97569750,40.71650614,244.26531,33.33333,exit
32937063_0,42450699,370912817,-73.97046000,40.74558444,-73.97289880,40.74067134,590.51056,33.33333,exit
32937066_0,5137978709,42437826,-73.97433440,40.73229844,-73.97396910,40.73104164,145.91820,22.22222,entry
32939000_0,42457925,370913779,-73.97309670,40.73896274,-73.97291720,40.73976594,91.03210,22.22222,entry
32939007_1,5779545445,42450699,-73.96835710,40.74781254,-73.97046000,40.74558444,305.29266,33.33333,entry
32939512_0,589099584,3734911590,-73.97035200,40.74552554,-73.96940750,40.74641324,127.06395,33.33333,exit
32939515_0,370927292,370924957,-73.96457950,40.75213984,-73.96332510,40.75339404,175.38915,22.22222,exit
32958722_0,371190620,589298584,-73.95858900,40.75904934,-73.95822160,40.75958044,66.74648,8.33333,exit
330748499_0,3377461302,3377461259,-73.97322580,40.76781034,-73.97324320,40.76505604,326.93132,4.16667,entry
348477347_0,42449345,42449341,-74.00837510,40.74395794,-74.00723800,40.74347004,110.21456,8.33333,entry
351656332_0,3574648570,3574648569,-74.01542820,40.70720474,-74.01573470,40.70722164,25.93264,4.16667,exit
351656332_0_r,3574648569,3574648570,-74.01573470,40.70722164,-74.01542820,40.70720474,25.93264,4.16667,entry
364262732_4,5458548431,3683163348,-73.98646970,40.70990184,-73.98588860,40.71058024,120.57713,4.16667,exit
364262732_4_r,3683163348,5458548431,-73.98588860,40.71058024,-73.98646970,40.70990184,120.57713,4.16667,entry
36806904_0,1760566994,247085079,-74.00290600,40.76036654,-74.00274750,40.76019044,27.37403,4.16667,exit
375165666_0,42449979,4798293332,-73.96611630,40.76218594,-73.96583610,40.76257284,49.12372,22.22222,exit
381480256_2,3829688391,589099881,-73.97174040,40.74472454,-73.97123610,40.74451324,48.60290,16.66667,exit
40337615_0,486849239,5079840928,-73.96461270,40.71141424,-73.97879540,40.71572004,1289.31799,33.33333,entry
40879216_1,3316837973,42444116,-73.99407380,40.70987334,-73.99402710,40.70951824,39.72549,8.33333,exit
40879216_1_r,42444116,3316837973,-73.99402710,40.70951824,-73.99407380,40.70987334,39.72549,8.33333,entry
412115641_3,42440916,42440918,-74.01055780,40.72221944,-74.01162750,40.72232724,91.04162,22.22222,exit
413051876_0,42437396,3772840882,-74.01472910,40.70982674,-74.01388820,40.70950534,80.03142,8.33333,entry
413704239_0,4149748669,246913431,-74.01530670,40.70747514,-74.01551220,40.70770084,32.82901,22.22222,exit
413704325_0,4149750389,246913431,-74.01525820,40.70761634,-74.01551220,40.70770084,23.40715,8.33333,exit
413749473_0,373864855,370880731,-74.00551640,40.68187464,-74.01505580,40.70524524,2770.77819,33.33333,entry
415882710_0,4168253342,246885877,-74.02113170,40.72744754,-74.00776320,40.72336394,1262.54856,33.33333,entry
420496091_4,42436516,42447020,-73.96727070,40.76348174,-73.96770910,40.76287234,77.25493,16.66667,entry
420629945_0,42423051,42454391,-73.97474460,40.71884984,-73.97507090,40.71899774,32.46114,22.22222,exit
420809415_0,4207143428,42440873,-74.01105070,40.72518134,-74.01007240,40.72506524,83.66873,22.22222,entry
420872205_0,42445392,4207683801,-73.97207760,40.74318644,-73.97254270,40.74337954,44.73030,22.22222,entry
420872205_0_r,4207683801,42445392,-73.97254270,40.74337954,-73.97207760,40.74318644,44.73030,22.22222,exit
420884506_0,4207774911,42423295,-73.97821810,40.71344424,-73.97758600,40.71325004,57.55016,22.22222,exit
420884506_0_r,42423295,4207774911,-73.97758600,40.71325004,-73.97821810,40.71344424,57.55016,22.22222,entry
420888141_0,246858654,4207802391,-74.01690870,40.70483174,-74.01666070,40.70480064,21.24917,22.22222,entry
420888144_0,4207802392,246923513,-74.01607340,40.70493464,-74.01641640,40.70488174,29.61578,22.22222,exit
420888153_0,4149752689,588593059,-74.01535970,40.70733854,-74.01569720,40.70730714,29.00321,22.22222,exit
420890080_0,42444129,4207806922,-73.99177700,40.70983194,-73.99190570,40.71060964,87.25313,22.22222,entry
420890085_0,4207806920,42444123,-73.99209680,40.71045034,-73.99198150,40.70980254,72.76613,22.22222,exit
420890093_0,278608816,370759312,-73.99930880,40.70849504,-73.99985690,40.70897984,74.44031,22.22222,entry
420894376_0,2061592973,4207854755,-73.99000920,40.77222974,-73.98981990,40.77249114,33.18772,16.66667,exit
420894376_0_r,4207854755,2061592973,-73.98981990,40.77249114,-73.99000920,40.77222974,33.18772,16.66667,entry
420895286_0,4207862999,42445769,-74.00823890,40.74304914,-74.00853720,40.74316934,28.49569,16.66667,exit
420908136_0,4872498376,42427494,-74.00783960,40.75007814,-74.00827540,40.75025614,41.75797,16.66667,exit
420908136_0_r,42427494,4872498376,-74.00827540,40.75025614,-74.00783960,40.75007814,41.75797,16.66667,entry
421830414_0,42457401,42423051,-73.97510520,40.71876354,-73.97474460,40.71884984,32.77016,22.22222,entry
432550169_0,42423549,42423053,-73.97471410,40.72105134,-73.97495660,40.71909734,218.48151,33.33333,entry
432550255_0,4158751332,4158752891,-73.99196760,40.70230194,-74.00059510,40.70916414,1055.27437,33.33333,entry
439842817_0,42454391,1775270666,-73.97507090,40.71899774,-73.97522910,40.71900824,13.39858,22.22222,entry
439842840_0,246866806,373880031,-74.01410120,40.71385854,-74.01393650,40.71379644,15.52144,8.33333,exit
439842840_0_r,373880031,246866806,-74.01393650,40.71379644,-74.01410120,40.71385854,15.52144,8.33333,entry
440122889_0,436764938,42440449,-73.98657430,40.71042954,-73.98658610,40.71049354,7.19369,4.16667,exit
440122889_0_r,42440449,436764938,-73.98658610,40.71049354,-73.98657430,40.71042954,7.19369,4.16667,entry
440268556_0,246650546,246650510,-74.00696390,40.75462104,-74.00684230,40.75456804,11.83023,4.16667,exit
440268556_0_r,246650510,246650546,-74.00684230,40.75456804,-74.00696390,40.75462104,11.83023,4.16667,entry
443649237_0,1478572211,42445392,-73.97240530,40.74079464,-73.97207760,40.74318644,273.26260,4.16667,exit
443649237_0_r,42445392,1478572211,-73.97207760,40.74318644,-73.97240530,40.74079464,273.26260,4.16667,entry
452098020_0,42443928,42436563,-73.98978460,40.71013144,-73.98993800,40.71121104,120.87759,8.33333,entry
452487050_0,4492779804,42457401,-73.97528260,40.71881374,-73.97510520,40.71876354,15.97666,22.22222,exit
458180199_0,42445953,42436511,-73.97095420,40.76421984,-73.97049680,40.76484234,79.30474,16.66667,exit
46154286_0,42438531,588455697,-73.98471080,40.71072244,-73.98526050,40.71065604,46.96981,22.22222,exit
46154287_0,588455698,42438531,-73.98463560,40.71050454,-73.98471080,40.71072244,25.07277,16.66667,entry
46154287_0_r,42438531,588455698,-73.98471080,40.71072244,-73.98463560,40.71050454,25.07277,16.66667,exit
46154324_0,588455857,588455858,-73.99593320,40.70924804,-73.99607950,40.70979464,62.09013,8.33333,entry
46160106_0,246858435,42429577,-74.01354930,40.71528404,-74.01448530,40.71543534,80.75923,8.33333,entry
46160106_0_r,42429577,246858435,-74.01448530,40.71543534,-74.01354930,40.71528404,80.75923,8.33333,exit
46160404_0,246858654,246901366,-74.01690870,40.70483174,-74.01735200,40.70491764,38.78512,8.33333,entry
46160404_0_r,246901366,246858654,-74.01735200,40.70491764,-74.01690870,40.70483174,38.78512,8.33333,exit
46165812_1,4143838198,42429570,-74.01253200,40.71511164,-74.01321240,40.71522264,58.72850,16.66667,exit
46165812_1_r,42429570,4143838198,-74.01321240,40.71522264,-74.01253200,40.71511164,58.72850,16.66667,entry
46165813_0,246866830,246858449,-74.01335580,40.71657574,-74.01322230,40.71652764,12.47184,8.33333,exit
46165813_0_r,246858449,246866830,-74.01322230,40.71652764,-74.01335580,40.71657574,12.47184,8.33333,entry
46165814_0,246858448,246866828,-74.01304000,40.71726344,-74.01315260,40.71731454,11.07322,8.33333,entry
46165814_0_r,246866828,246858448,-74.01315260,40.71731454,-74.01304000,40.71726344,11.07322,8.33333,exit
46165816_0,246858431,246866798,-74.01503790,40.70983484,-74.01520860,40.70984084,14.42125,8.33333,entry
46165816_0_r,246866798,246858431,-74.01520860,40.70984084,-74.01503790,40.70983484,14.42125,8.33333,exit
46177152_0,4158752889,4158751333,-74.00072730,40.70907354,-73.99209220,40.70220434,1056.28164,33.33333,exit
46177171_0,278646362,42453792,-74.00036500,40.70858454,-74.00091980,40.70905154,69.95944,22.22222,exit
46179210_0,451028274,588785542,-73.98631860,40.69978504,-73.99445670,40.71443704,1769.73161,33.33333,entry
46179217_0,588785633,541467351,-73.99472850,40.71435354,-73.98654570,40.69971514,1769.80502,33.33333,exit
46189305_0,588938289,588938282,-73.98642880,40.69975074,-73.99460260,40.71439224,1769.82648,33.33333,entry
46201647_0,42451126,5131026405,-73.97247300,40.74279084,-73.97302330,40.74086314,220.59623,8.33333,entry
46201651_0,589100267,1728266963,-73.97481570,40.73593754,-73.97449150,40.73669934,92.64578,8.33333,entry
46201651_0_r,1728266963,589100267,-73.97449150,40.73669934,-73.97481570,40.73593754,92.64578,8.33333,exit
46201652_0,589100267,589100228,-73.97481570,40.73593754,-73.97518340,40.73585574,36.69575,12.50000,entry
46201655_0,42439191,42438362,-73.97446110,40.73274554,-73.97535340,40.73310504,85.27781,8.33333,entry
46201655_0_r,42438362,42439191,-73.97535340,40.73310504,-73.97446110,40.73274554,85.27781,8.33333,exit
46201666_0,42430973,4300994888,-73.97540560,40.71759254,-73.97547690,40.71743514,18.52564,8.33333,entry
46224832_2,42433324,42437135,-73.99638230,40.70974874,-73.99623100,40.70920574,61.78029,8.33333,exit
46240204_3,42455113,42436514,-73.96921580,40.76348814,-73.96876670,40.76411794,79.68106,16.66667,exit
46359922_0,486849239,5079840928,-73.96461270,40.71141424,-73.97879540,40.71572004,1289.37620,33.33333,entry
46420287_0,1775201764,593300940,-73.96289760,40.76081634,-73.96242320,40.76144134,80.25372,16.66667,exit
46431821_0,593816275,246649429,-74.00962370,40.73935414,-74.00990590,40.73881254,70.63258,16.66667,exit
46431822_2,42452610,42452613,-74.00849100,40.73409404,-74.01009690,40.73386894,138.10270,8.33333,exit
46431823_0,42453468,42457426,-74.01003710,40.73454304,-74.00843320,40.73478024,137.84356,8.33333,entry
46431825_1,42436899,42436903,-74.00986820,40.73247054,-74.01023590,40.73241824,31.55865,8.33333,exit
46431825_1_r,42436903,42436899,-74.01023590,40.73241824,-74.00986820,40.73247054,31.55865,8.33333,entry
46431828_0,591454081,4629488490,-74.01033810,40.73128694,-74.01021220,40.73127514,10.70128,12.50000,entry
46431829_2,42452006,42452008,-74.00878450,40.73187014,-74.01027170,40.73200664,126.36912,8.33333,exit
46432184_1,42453541,5481848526,-74.00251520,40.76009294,-74.00169130,40.75974724,79.41733,4.16667,entry
46432184_1_r,5481848526,42453541,-74.00169130,40.75974724,-74.00251520,40.76009294,79.41733,4.16667,exit
46432185_2,593839881,593840108,-74.00395340,40.75683664,-74.00466670,40.75713604,68.91033,4.16667,exit
46432187_0,42437699,42430607,-74.00661140,40.75446964,-74.00380600,40.75327284,271.50522,22.22222,entry
46435596_3,5458524664,62915527,-73.99817660,40.76328414,-73.99896890,40.76361774,76.43093,16.66667,exit
46435602_1,62915514,5458524659,-73.99849380,40.76423844,-73.99769040,40.76389914,77.55665,16.66667,entry
46435621_1,42430677,62915525,-73.99784450,40.76150474,-74.00030970,40.76254124,237.73452,12.50000,exit
46435658_0,247086015,42437379,-74.00155010,40.76217604,-74.00132150,40.76206874,22.70965,4.16667,exit
46443582_0,247123615,61271722,-73.99375540,40.77132524,-73.99421730,40.77150864,43.98786,22.22222,exit
46443598_1,247120350,42424218,-73.99504570,40.76959434,-73.99503840,40.76937804,24.57778,12.50000,exit
46443637_0,61275605,3308681118,-73.99485350,40.76925284,-73.99472890,40.76920354,11.85189,16.66667,entry
46443637_0_r,3308681118,61275605,-73.99472890,40.76920354,-73.99485350,40.76925284,11.85189,16.66667,exit
46443639_1,4872564990,42440253,-73.99718750,40.76692254,-73.99689180,40.76682974,27.20335,4.16667,exit
46443639_1_r,42440253,4872564990,-73.99689180,40.76682974,-73.99718750,40.76692254,27.20335,4.16667,entry
46443656_12,4782543124,62915536,-73.99669670,40.76593354,-73.99712700,40.76611474,41.50969,16.66667,exit
46469739_0,106705771,4148924164,-73.97245360,40.74566124,-73.95405960,40.74145114,1901.63795,33.33333,exit
46481752_0,593915295,42446678,-74.00341820,40.75551664,-74.00529240,40.75628914,179.92195,12.50000,exit
46481754_0,42437678,593839875,-74.00479060,40.75696724,-74.00432660,40.75677214,44.74959,22.22222,entry
46481754_0_r,593839875,42437678,-74.00432660,40.75677214,-74.00479060,40.75696724,44.74959,22.22222,exit
46482539_2,5542715086,42453545,-74.00029190,40.76076394,-74.00163720,40.76132014,129.23060,12.50000,exit
46482592_1,42430691,62915531,-73.99600520,40.76400364,-73.99803790,40.76486424,196.34253,8.33333,exit
46538375_1,61275600,42430713,-73.99574660,40.76799884,-73.99370040,40.76713434,197.54088,8.33333,entry
46538382_1,61273004,247123612,-73.99440600,40.77071384,-73.99421540,40.77063904,18.09792,8.33333,entry
46613913_0,559862621,763020156,-74.00696720,40.72501334,-74.02108840,40.72760114,1271.64190,33.33333,exit
46629371_0,42423051,370894980,-73.97474460,40.71884984,-73.97455090,40.72128734,272.13752,22.22222,exit
474304540_1,4682935365,3533937800,-73.99110880,40.77268724,-73.99056140,40.77330624,82.93195,8.33333,exit
474304540_1_r,3533937800,4682935365,-73.99056140,40.77330624,-73.99110880,40.77268724,82.93195,8.33333,entry
47796685_0,42458034,42457940,-73.97294730,40.73899354,-73.97270230,40.74004654,119.63681,8.33333,exit
480112478_2,42449089,42449098,-74.00837430,40.73552484,-74.00997130,40.73531484,136.72071,8.33333,exit
495276214_0,42443549,4872564989,-73.99780550,40.76557794,-73.99806940,40.76568124,25.04582,4.16667,entry
495276214_0_r,4872564989,42443549,-73.99806940,40.76568124,-73.99780550,40.76557794,25.04582,4.16667,exit
499172074_12,247123611,61275380,-73.99435760,40.76986564,-73.99452890,40.76993134,16.18805,12.50000,exit
499172074_14,42440973,247120348,-73.99478780,40.77000334,-73.99493840,40.77003784,13.26468,12.50000,entry
521358284_0,3785707059,592627490,-73.97889470,40.71553634,-73.96188780,40.71038314,1545.52911,33.33333,exit
528755490_0,5137747688,5137714768,-73.97478070,40.73536954,-73.97467660,40.73538454,8.93822,4.16667,entry
528755490_0_r,5137714768,5137747688,-73.97467660,40.73538454,-73.97478070,40.73536954,8.93822,4.16667,exit
528755493_0,5137747688,5137744915,-73.97478070,40.73536954,-73.97462410,40.73490954,53.71755,8.33333,entry
528755493_0_r,5137744915,5137747688,-73.97462410,40.73490954,-73.97478070,40.73536954,53.71755,8.33333,exit
528755493_1,5137744915,5137743341,-73.97462410,40.73490954,-73.97476160,40.73421424,88.38765,8.33333,exit
528755493_1_r,5137743341,5137744915,-73.97476160,40.73421424,-73.97462410,40.73490954,88.38765,8.33333,entry
528792681_0,42437826,5145531517,-73.97396910,40.73104164,-73.97398540,40.73123184,21.28096,22.22222,exit
541329572_0,42439286,42439295,-74.00681100,40.74406104,-74.00824610,40.74469474,140.09191,8.33333,exit
544616716_0,3944770806,42423747,-73.96178000,40.76017094,-73.96260980,40.76123414,159.41438,22.22222,exit
546364858_0,3785707059,592627492,-73.97889470,40.71553634,-73.96191660,40.71033214,1545.89652,33.33333,exit
551074013_0,685164636,387184988,-73.97543550,40.73298824,-73.97442030,40.73259064,96.67402,4.16667,exit
554927268_0,247072112,42446386,-73.99609450,40.76814504,-73.99596970,40.76809294,12.01432,4.16667,exit
554927268_0_r,42446386,247072112,-73.99596970,40.76809294,-73.99609450,40.76814504,12.01432,4.16667,entry
562785477_0,246651798,246648627,-74.01025020,40.73935024,-74.01004710,40.73932864,17.31964,4.16667,exit
564392620_0,402475097,4133206254,-74.00868750,40.74235244,-74.00854280,40.74229864,13.62425,13.88889,entry
5669013_0,42422026,246858433,-74.01580850,40.71156544,-74.01464570,40.71113024,109.42662,8.33333,exit
5669013_0_r,246858433,42422026,-74.01464570,40.71113024,-74.01580850,40.71156544,109.42662,8.33333,entry
5669077_0,370913758,42422509,-73.97446660,40.73724444,-73.97415300,40.73745874,35.61991,22.22222,exit
566921850_0,6007716971,5458524653,-73.99870360,40.76394764,-73.99847730,40.76385384,21.75082,4.16667,entry
5669221_0,4274141356,42423774,-73.97310400,40.74032134,-73.97377980,40.73835804,227.71608,22.22222,exit
566926217_0,5458544539,5458544545,-73.98735320,40.71040824,-73.98739500,40.71059114,20.66359,4.16667,entry
566926217_2,5458544546,5458544542,-73.98801000,40.71053134,-73.98797610,40.71033904,21.59702,4.16667,exit
5669581_0,42426865,42426875,-73.97452370,40.73738134,-73.97486420,40.73702204,49.28280,22.22222,entry
5669643_0,42427390,42427393,-74.00553500,40.74581604,-74.00785990,40.74679504,224.32613,12.50000,exit
5669709_0,42424672,4798293323,-73.95925370,40.75930484,-73.95904540,40.75958974,36.25360,16.66667,exit
5669709_0_r,4798293323,42424672,-73.95904540,40.75958974,-73.95925370,40.75930484,36.25360,16.66667,entry
5670221_0,4347534768,2216963516,-73.97305920,40.76512354,-73.97312620,40.76781114,319.09572,4.16667,exit
5670317_0,406048768,42434974,-73.97163370,40.74386734,-73.97302400,40.74444954,133.97576,8.33333,entry
5670348_0,4347550065,42421969,-73.98149280,40.76825804,-73.98102920,40.76927464,124.92758,16.66667,exit
5670418_2,42436021,42436024,-74.01033910,40.72352394,-74.01136460,40.72362914,87.30555,8.33333,exit
5670440_0,42436316,42436313,-74.01177030,40.72163434,-74.01068040,40.72153084,92.67145,8.33333,entry
5670481_0,42436719,42436716,-73.96184590,40.75523124,-73.96286400,40.75493144,106.94635,22.22222,entry
5670719_0,42438684,42430603,-74.00729340,40.75308924,-74.00473770,40.75201554,246.44835,8.33333,entry
5670740_0,370924677,370924689,-73.96401920,40.75290894,-73.96456280,40.75247344,67.64900,22.22222,entry
5670888_0,42440449,479847982,-73.98658610,40.71049354,-73.98668410,40.71104264,61.68236,8.33333,entry
5670896_1,42440532,3874650186,-74.01047770,40.72982314,-74.01034840,40.72981104,10.99026,16.66667,entry
5670942_0,42440946,42440943,-74.00991980,40.73597394,-74.00832270,40.73619094,136.86308,8.33333,entry
5671007_0,42442081,42442078,-74.01006560,40.73421934,-74.00846200,40.73447704,138.27471,4.16667,entry
5671028_0,42442294,42442291,-74.01087230,40.72617614,-74.00990150,40.72608084,82.58289,8.33333,entry
5671028_0_r,42442291,42442294,-74.00990150,40.72608084,-74.01087230,40.72617614,82.58289,8.33333,exit
5671056_1,1241742743,42421982,-73.98715850,40.77103274,-73.98669740,40.77166554,80.45690,22.22222,exit
5671115_0,62915516,42430694,-73.99758500,40.76548594,-73.99554490,40.76463094,196.58765,8.33333,entry
5671117_0,62915509,5985110734,-73.99958690,40.76305454,-73.99790090,40.76234084,162.85109,12.50000,entry
5671179_0,4581870335,5487766136,-73.98831360,40.71030034,-73.98859480,40.71063154,57.81058,4.16667,entry
5671179_4,5487766142,42443937,-73.98927070,40.71056564,-73.98939140,40.71017404,56.71857,4.16667,exit
5671197_0,42438476,278609760,-74.00014060,40.70791144,-73.99943040,40.70828834,73.15704,22.22222,exit
5671197_0_r,278609760,42438476,-73.99943040,40.70828834,-74.00014060,40.70791144,73.15704,22.22222,entry
5671288_0,5528787421,42442142,-73.97648760,40.76619054,-73.97672880,40.76720294,137.80546,12.50000,exit
5671354_3,42436056,4207143418,-74.01012070,40.72011734,-74.01204260,40.72031044,163.56884,8.33333,exit
5671436_0,42446640,42446632,-74.01519710,40.70849454,-74.01437780,40.70823214,75.05396,8.33333,entry
5671654_0,42448996,5481848951,-74.00207080,40.76071614,-73.99959100,40.75968574,238.50201,22.22222,entry
5671654_0_r,5481848951,42448996,-73.99959100,40.75968574,-74.00207080,40.76071614,238.50201,22.22222,exit
5671719_0,42449691,3829688390,-73.97093760,40.74517124,-73.97129850,40.74532564,34.95511,22.22222,entry
5671866_0,370892861,42423051,-73.97553660,40.71650454,-73.97474460,40.71884984,271.83728,22.22222,entry
5672027_1,42452310,42452314,-74.01404870,40.70908794,-74.01486420,40.70944584,79.51593,8.33333,exit
5672148_0,42451370,5209084625,-74.01595330,40.70667704,-74.01544610,40.70655384,44.94453,8.33333,entry
5672148_0_r,5209084625,42451370,-74.01544610,40.70655384,-74.01595330,40.70667704,44.94453,8.33333,exit
5672337_1,42453792,278642478,-74.00091980,40.70905154,-74.00367980,40.71092824,316.40783,22.22222,entry
5672986_0,42444108,205025778,-73.99900030,40.70854574,-73.99926430,40.70877054,33.50396,16.66667,entry
5672986_0_r,205025778,42444108,-73.99926430,40.70877054,-73.99900030,40.70854574,33.50396,16.66667,exit
5672987_2,42456986,42453442,-74.00907000,40.73043404,-74.01040270,40.73056894,113.42040,8.33333,exit
5673102_0,42453457,42444267,-74.01016020,40.73314484,-74.00980000,40.73320404,31.09045,12.50000,entry
5673157_1,42444837,42451712,-73.97477050,40.72161934,-73.97494880,40.72033424,144.67878,8.33333,exit
5673492_0,247120624,42453555,-73.99889920,40.76449304,-73.99871610,40.76433044,26.47248,4.16667,exit
5681925_0,370880729,42511260,-74.01526490,40.70529204,-74.00575950,40.68178974,2784.31466,33.33333,exit
573333859_0,4145434709,42451370,-74.01604940,40.70649624,-74.01595330,40.70667704,21.70136,22.22222,exit
577069057_0,999184463,999184452,-73.99475600,40.70357484,-73.99414600,40.70318174,67.56433,4.16667,exit
577069057_0_r,999184452,999184463,-73.99414600,40.70318174,-73.99475600,40.70357484,67.56433,4.16667,entry
587355678_0,370897167,370898177,-73.97164880,40.72827674,-73.97341440,40.73095984,346.64535,33.33333,entry
587355680_0,1772136801,246923513,-74.01640460,40.70479954,-74.01641640,40.70488174,9.20449,22.22222,exit
590315899_0,5636437656,5708122957,-74.01444590,40.71202554,-74.01464870,40.71205884,17.50914,4.16667,entry
590315899_0_r,5708122957,5636437656,-74.01464870,40.71205884,-74.01444590,40.71202554,17.50914,4.16667,exit
597821266_0,42445314,42430597,-74.00781980,40.75170704,-74.00563630,40.75078864,210.61299,8.33333,entry
602637272_0,42427824,42427828,-74.00427030,40.75264574,-74.00703370,40.75379004,265.67603,12.50000,exit
60325668_0,3276524466,427850819,-74.00998100,40.76245634,-73.99707780,40.75713334,1239.66551,33.33333,entry
628093103_1,1577501048,42450814,-73.97110810,40.74606754,-73.97043560,40.74577044,65.65512,8.33333,exit
628093103_1_r,42450814,1577501048,-73.97043560,40.74577044,-73.97110810,40.74606754,65.65512,8.33333,entry
630828581_4,42421974,1241742627,-73.98385030,40.77047804,-73.98432070,40.76984134,81.21994,22.22222,entry
630828582_0,1061531429,1061531777,-73.98199340,40.76889084,-73.98199680,40.76967434,87.21929,22.22222,exit
643000848_0,42449613,4143812552,-74.01293310,40.71642344,-74.01279340,40.71636944,13.23143,8.33333,entry
68674962_35,596775930,596775892,-73.96899030,40.76421224,-73.96943820,40.76358244,79.63301,16.66667,entry
75359816_0,42453417,2565683776,-74.01232460,40.71904754,-74.01210100,40.71901964,19.11931,8.33333,entry
75359816_0_r,2565683776,42453417,-74.01210100,40.71901964,-74.01232460,40.71904754,19.11931,8.33333,exit
