id,from,to,from_lon,from_lat,to_lon,to_lat,length,freespeed
118714453_0,42437379,247080924,-74.00132150,40.76206874,-74.00184050,40.76144884,81.86572,22.22222
118714453_1,247080924,247085867,-74.00184050,40.76144884,-74.00196150,40.76129534,19.90158,22.22222
118714453_2,247085867,4215936935,-74.00196150,40.76129534,-74.00200480,40.76123554,7.59235,22.22222
118714476_0,1334569028,42445314,-74.00816540,40.75078634,-74.00781980,40.75170704,106.57445,22.22222
118714476_1,42445314,42434827,-74.00781980,40.75170704,-74.00756690,40.75239394,79.38378,22.22222
118714476_2,42434827,42438684,-74.00756690,40.75239394,-74.00729340,40.75308924,80.76365,22.22222
118714476_3,42438684,42427828,-74.00729340,40.75308924,-74.00703370,40.75379004,81.02878,22.22222
118714476_4,42427828,42437699,-74.00703370,40.75379004,-74.00661140,40.75446964,83.79818,22.22222
118714476_5,42437699,42446678,-74.00661140,40.75446964,-74.00529240,40.75628914,231.07512,22.22222
134485639_0,42451126,370912945,-73.97247300,40.74279084,-73.97258090,40.74242634,41.58396,22.22222
162041588_0,5137747688,589100267,-73.97478070,40.73536954,-73.97481570,40.73593754,63.89843,22.22222
169267539_0,62915527,6007716971,-73.99896890,40.76361774,-73.99870360,40.76394764,43.02378,22.22222
169267539_1,6007716971,62915514,-73.99870360,40.76394764,-73.99849380,40.76423844,36.88957,22.22222
169267539_2,62915514,4782363326,-73.99849380,40.76423844,-73.99838180,40.76439214,19.54272,22.22222
169267539_3,4782363326,62915531,-73.99838180,40.76439214,-73.99803790,40.76486424,60.02203,22.22222
169267539_4,62915531,4215913809,-73.99803790,40.76486424,-73.99792920,40.76501354,18.97941,22.22222
169269031_0,42453555,4782543122,-73.99871610,40.76433044,-73.99891960,40.76404784,35.83395,22.22222
169269031_1,4782543122,42443570,-73.99891960,40.76404784,-73.99979120,40.76315154,124.63380,22.22222
169383514_0,42453548,42437379,-74.00052400,40.76264454,-74.00132150,40.76206874,92.90497,22.22222
169383518_1,42426851,42450814,-73.96927250,40.74693004,-73.97043560,40.74577044,162.17854,22.22222
169383518_2,42450814,42449691,-73.97043560,40.74577044,-73.97093760,40.74517124,79.01893,22.22222
169383518_3,42449691,589099881,-73.97093760,40.74517124,-73.97123610,40.74451324,79.63232,22.22222
169383518_4,589099881,589099734,-73.97123610,40.74451324,-73.97130510,40.74434894,19.52449,22.22222
194920159_0,62915521,61275601,-73.99667290,40.76673814,-73.99622950,40.76734684,77.38823,22.22222
194920159_1,61275601,61275600,-73.99622950,40.76734684,-73.99574660,40.76799884,83.22004,22.22222
194920159_2,61275600,61275605,-73.99574660,40.76799884,-73.99485350,40.76925284,158.64176,22.22222
194920159_3,61275605,247120300,-73.99485350,40.76925284,-73.99479450,40.76935294,12.20288,22.22222
194923801_0,42429666,4872623863,-74.00812600,40.74537744,-74.00801710,40.74598924,68.72175,22.22222
194923801_1,4872623863,42427393,-74.00801710,40.74598924,-74.00785990,40.74679504,90.67568,22.22222
194923801_2,42427393,42443677,-74.00785990,40.74679504,-74.00773120,40.74750384,79.64928,22.22222
194923801_3,42443677,246579597,-74.00773120,40.74750384,-74.00769560,40.74775664,28.30127,22.22222
194923802_0,42445769,42449345,-74.00853720,40.74316934,-74.00837510,40.74395794,88.84580,22.22222
194923802_1,42449345,42439295,-74.00837510,40.74395794,-74.00824610,40.74469474,82.74609,22.22222
194923802_2,42439295,42429666,-74.00824610,40.74469474,-74.00812600,40.74537744,76.67072,22.22222
194923803_0,42427494,1334569028,-74.00827540,40.75025614,-74.00816540,40.75078634,60.13918,22.22222
194923804_0,246580301,42437915,-74.00768050,40.74870544,-74.00803160,40.74942854,85.82613,22.22222
194923805_0,246580797,246650840,-74.00848260,40.75038644,-74.00823240,40.74937794,115.22897,22.22222
194923806_0,246650840,246579751,-74.00823240,40.74937794,-74.00784270,40.74858974,94.13091,22.22222
194923806_1,246579751,246579753,-74.00784270,40.74858974,-74.00783180,40.74805964,59.16061,22.22222
194926840_0,406048768,42445392,-73.97163370,40.74386734,-73.97207760,40.74318644,84.53930,22.22222
194926840_0_r,42445392,406048768,-73.97207760,40.74318644,-73.97163370,40.74386734,84.53930,22.22222
194926841_0,589100267,42422509,-73.97481570,40.73593754,-73.97415300,40.73745874,181.16426,22.22222
194926842_0,42457940,1478572209,-73.97270230,40.74004654,-73.97252770,40.74069304,73.45930,22.22222
194926842_1,1478572209,42445392,-73.97252770,40.74069304,-73.97207760,40.74318644,282.43377,22.22222
194926850_0,42446678,42437678,-74.00529240,40.75628914,-74.00479060,40.75696724,86.53627,22.22222
195743225_0,246858433,246858431,-74.01464570,40.71113024,-74.01503790,40.70983484,147.95214,22.22222
195743226_0,42453417,4207143418,-74.01232460,40.71904754,-74.01204260,40.72031044,142.58450,22.22222
195743227_0,373880031,5636437656,-74.01393650,40.71379644,-74.01444590,40.71202554,201.80143,22.22222
195743227_1,5636437656,246858433,-74.01444590,40.71202554,-74.01464570,40.71113024,101.08828,22.22222
195743228_0,42429570,4215665527,-74.01321240,40.71522264,-74.01304070,40.71596604,84.01862,22.22222
195743229_0,42431626,42453417,-74.01275680,40.71713514,-74.01232460,40.71904754,215.98795,22.22222
195743264_0,42422028,42453395,-74.01443440,40.71103264,-74.01368380,40.71370154,304.27173,22.22222
195743557_0,42436903,42453457,-74.01023590,40.73241824,-74.01016020,40.73314484,81.13641,22.22222
195743558_0,42453457,42452613,-74.01016020,40.73314484,-74.01009690,40.73386894,80.78316,22.22222
195743558_1,42452613,42442081,-74.01009690,40.73386894,-74.01006560,40.73421934,39.09566,22.22222
195743558_2,42442081,42453468,-74.01006560,40.73421934,-74.01003710,40.73454304,36.11422,22.22222
195743558_3,42453468,42449098,-74.01003710,40.73454304,-74.00997130,40.73531484,86.09548,22.22222
19726066_0,370888099,205024443,-73.98353850,40.71070244,-73.99470740,40.70932614,955.30689,33.33333
222299240_0,588593611,246909454,-74.01577540,40.70774574,-74.01601210,40.70716014,68.18190,22.22222
222299273_0,246858435,3594896445,-74.01354930,40.71528404,-74.01359860,40.71504914,26.48036,22.22222
222299273_1,3594896445,3594896439,-74.01359860,40.71504914,-74.01381400,40.71415494,101.21768,22.22222
222299273_2,3594896439,373880031,-74.01381400,40.71415494,-74.01393650,40.71379644,41.22489,22.22222
222299274_0,42449613,42431626,-74.01293310,40.71642344,-74.01275680,40.71713514,80.61078,22.22222
22903913_0,42437915,42427494,-74.00803160,40.74942854,-74.00827540,40.75025614,95.04166,22.22222
22903923_0,246647922,402475097,-74.00955080,40.73991504,-74.00868750,40.74235244,282.48357,22.22222
22941939_0,61272996,61272997,-73.99402130,40.77221114,-73.99422980,40.77192964,35.92958,33.33333
22941939_1,61272997,61273001,-73.99422980,40.77192964,-73.99466530,40.77080534,131.54257,33.33333
22942162_0,61273008,1370721870,-73.99386960,40.77208434,-73.99322230,40.77301014,116.61570,33.33333
25562074_1,588455738,278609760,-74.00019180,40.70922634,-73.99943040,40.70828834,122.83220,16.66667
308322431_0,246580982,246648063,-74.00853600,40.74417194,-74.00875170,40.74306534,124.52227,22.22222
308322431_1,246648063,402480678,-74.00875170,40.74306534,-74.00887060,40.74246264,67.84924,22.22222
32935111_1,42423307,370892861,-73.98163690,40.71073614,-73.97553660,40.71650454,897.32867,33.33333
32935473_0,42457401,42430973,-73.97510520,40.71876354,-73.97540560,40.71759254,132.93593,22.22222
32935474_0,4207774912,42423295,-73.97712250,40.71395394,-73.97758600,40.71325004,89.91230,22.22222
32935868_0,42423549,42451712,-73.97471410,40.72105134,-73.97494880,40.72033424,82.73523,22.22222
32936245_0,370897167,5145531517,-73.97164880,40.72827674,-73.97398540,40.73123184,430.27196,22.22222
32936733_0,42430973,42423039,-73.97540560,40.71759254,-73.97569750,40.71650614,123.41980,22.22222
32936735_0,370894437,370894979,-73.97490570,40.71862524,-73.97482950,40.71908674,51.77466,33.33333
32936736_0,370894979,370894980,-73.97482950,40.71908674,-73.97455090,40.72128734,246.11201,33.33333
32936739_1,42423039,42450820,-73.97569750,40.71650614,-73.97627620,40.71539264,133.22465,33.33333
32936739_3,42423296,370888100,-73.97778090,40.71244854,-73.98055090,40.71093494,301.56344,33.33333
32936739_4,370888100,370888099,-73.98055090,40.71093494,-73.98353850,40.71070244,253.42303,33.33333
32936740_0,370892861,370894437,-73.97553660,40.71650454,-73.97490570,40.71862524,242.48431,33.33333
32936741_0,370894980,370897167,-73.97455090,40.72128734,-73.97164880,40.72827674,824.19002,33.33333
32937832_0,370912945,370912817,-73.97258090,40.74242634,-73.97289880,40.74067134,197.78002,22.22222
32938997_0,42439191,5137743341,-73.97446110,40.73274554,-73.97476160,40.73421424,166.27060,22.22222
32938997_1,5137743341,5137747688,-73.97476160,40.73421424,-73.97478070,40.73536954,132.59173,22.22222
32939007_0,42450675,5779545445,-73.96824550,40.74794734,-73.96835710,40.74781254,17.71318,33.33333
32939511_0,42424183,42450675,-73.96519870,40.75165214,-73.96824550,40.74794734,485.90833,33.33333
32939512_1,3734911590,370915065,-73.96940750,40.74641324,-73.96787960,40.74816004,233.47328,33.33333
32939513_0,370915065,370923579,-73.96787960,40.74816004,-73.96499960,40.75156774,450.44420,33.33333
32939514_0,370923579,370924957,-73.96499960,40.75156774,-73.96332510,40.75339404,247.66232,33.33333
32939514_1,370924957,405988242,-73.96332510,40.75339404,-73.96155110,40.75530784,261.16710,33.33333
32939517_0,42450656,370924677,-73.96268230,40.75437244,-73.96401920,40.75290894,198.18737,33.33333
32939517_1,370924677,42424183,-73.96401920,40.75290894,-73.96519870,40.75165214,171.66933,33.33333
33117933_0,589100393,42423774,-73.97308010,40.73978064,-73.97377980,40.73835804,170.02882,33.33333
33117933_1,42423774,42426865,-73.97377980,40.73835804,-73.97452370,40.73738134,125.53759,33.33333
33117933_2,42426865,42450910,-73.97452370,40.73738134,-73.97505400,40.73612234,148.43280,33.33333
336872313_0,247079889,247081705,-74.00343100,40.75925274,-74.00351230,40.75913084,15.20312,22.22222
336872313_1,247081705,247081712,-74.00351230,40.75913084,-74.00408450,40.75837264,97.21969,22.22222
336872313_2,247081712,4207978501,-74.00408450,40.75837264,-74.00461110,40.75762894,93.94465,22.22222
34625442_0,402475097,42445769,-74.00868750,40.74235244,-74.00853720,40.74316934,91.82705,22.22222
34625443_0,402480678,246647955,-74.00887060,40.74246264,-74.00941040,40.74045894,228.10923,22.22222
34625463_0,246580736,246580301,-74.00764960,40.74818434,-74.00768050,40.74870544,58.41489,22.22222
34625464_0,246579753,373903786,-74.00783180,40.74805964,-74.00830610,40.74545464,292.73397,22.22222
34768995_0,405984035,42436719,-73.96167010,40.75535624,-73.96184590,40.75523124,20.33191,33.33333
34768995_1,42436719,42450656,-73.96184590,40.75523124,-73.96268230,40.75437244,118.97930,33.33333
34769004_0,42450645,405984035,-73.95915030,40.75805764,-73.96167010,40.75535624,368.99852,33.33333
34769017_0,405988242,405989914,-73.96155110,40.75530784,-73.95910550,40.75803024,367.58336,33.33333
34769021_0,405989914,371188750,-73.95910550,40.75803024,-73.95838310,40.75902134,126.02730,33.33333
34769042_0,371188750,3785579063,-73.95838310,40.75902134,-73.95826080,40.75944964,48.78062,22.22222
34769546_0,589099734,406048768,-73.97130510,40.74434894,-73.97163370,40.74386734,60.35104,22.22222
34769546_0_r,406048768,589099734,-73.97163370,40.74386734,-73.97130510,40.74434894,60.35104,22.22222
375163548_0,3785579063,589298584,-73.95826080,40.75944964,-73.95822160,40.75958044,14.93104,22.22222
412875705_0,246890098,246858445,-74.01185440,40.72235014,-74.01227550,40.72033534,227.08603,22.22222
413050334_0,42440918,4207143421,-74.01162750,40.72232724,-74.01149580,40.72297694,73.17424,22.22222
413050334_1,4207143421,42436024,-74.01149580,40.72297694,-74.01136460,40.72362914,73.44148,22.22222
413050334_2,42436024,42445174,-74.01136460,40.72362914,-74.01123460,40.72427634,72.87598,22.22222
413050334_3,42445174,4207143428,-74.01123460,40.72427634,-74.01105070,40.72518134,101.93198,22.22222
413052676_0,42437396,42422028,-74.01472910,40.70982674,-74.01443440,40.71103264,137.05131,22.22222
413203693_0,246923513,42451375,-74.01641640,40.70488174,-74.01646710,40.70507164,21.59685,22.22222
413203693_1,42451375,42451370,-74.01646710,40.70507164,-74.01595330,40.70667704,184.23780,22.22222
420522049_0,42449098,42440946,-74.00997130,40.73531484,-74.00991980,40.73597394,73.50021,22.22222
420522049_1,42440946,42453472,-74.00991980,40.73597394,-74.00983400,40.73694944,108.83306,22.22222
420522049_2,42453472,42439099,-74.00983400,40.73694944,-74.00980660,40.73755674,67.69672,22.22222
420522049_3,42439099,246649429,-74.00980660,40.73755674,-74.00990590,40.73881254,140.07173,22.22222
420522050_0,593816391,246648627,-74.00962530,40.74010184,-74.01004710,40.73932864,93.30598,22.22222
420772654_0,246858448,246858449,-74.01304000,40.71726344,-74.01322230,40.71652764,83.34063,22.22222
420809420_0,42448570,42440532,-74.01055540,40.72911124,-74.01047770,40.72982314,79.52281,22.22222
420809420_1,42440532,42453442,-74.01047770,40.72982314,-74.01040270,40.73056894,83.26280,22.22222
420809420_2,42453442,591454081,-74.01040270,40.73056894,-74.01033810,40.73128694,80.11446,22.22222
420809420_3,591454081,42452008,-74.01033810,40.73128694,-74.01027170,40.73200664,80.31366,22.22222
420809420_4,42452008,42436903,-74.01027170,40.73200664,-74.01023590,40.73241824,45.91851,22.22222
420809421_0,4207143417,246858448,-74.01284930,40.71797854,-74.01304000,40.71726344,81.21436,22.22222
420809425_0,4207143416,246858435,-74.01341400,40.71579994,-74.01354930,40.71528404,58.55344,22.22222
420809434_0,4207143439,246890579,-74.01062140,40.73042824,-74.01067870,40.72984274,65.35655,22.22222
420809438_0,4207143437,246857084,-74.01072440,40.72946754,-74.01076720,40.72913414,37.28913,22.22222
420809439_0,246889362,246889572,-74.01120140,40.72572254,-74.01128530,40.72521034,57.45549,22.22222
420809440_0,4207143415,42429570,-74.01333480,40.71472524,-74.01321240,40.71522264,56.32525,22.22222
420809441_0,4207143436,42448570,-74.01062510,40.72839224,-74.01055540,40.72911124,80.25439,22.22222
420809442_0,4207143422,246890279,-74.01160390,40.72357214,-74.01171880,40.72299944,64.48542,22.22222
420809443_0,4207143435,246889362,-74.01108700,40.72647274,-74.01120140,40.72572254,84.07063,22.22222
420809445_0,246890579,4207143437,-74.01067870,40.72984274,-74.01072440,40.72946754,41.94609,22.22222
420809446_0,246889572,4207143422,-74.01128530,40.72521034,-74.01160390,40.72357214,184.33504,22.22222
420809448_0,246857084,4207143435,-74.01076720,40.72913414,-74.01108700,40.72647274,297.50982,22.22222
420884524_0,42450820,4207774912,-73.97627620,40.71539264,-73.97712250,40.71395394,175.74119,22.22222
420888151_0,4207802393,246911576,-74.01588750,40.70684364,-74.01580470,40.70705314,24.34564,22.22222
420888152_0,42451370,4207802393,-74.01595330,40.70667704,-74.01588750,40.70684364,19.35922,22.22222
420890069_0,205024443,205024444,-73.99470740,40.70932614,-73.99684910,40.70902664,183.77373,33.33333
420890092_0,205024444,4207806919,-73.99684910,40.70902664,-73.99782890,40.70887784,84.44948,22.22222
420895276_0,4207863000,246580982,-74.00850240,40.74437044,-74.00853600,40.74417194,22.27789,22.22222
420895277_0,373903786,246580346,-74.00830610,40.74545464,-74.00843620,40.74476754,77.27467,22.22222
420895277_1,246580346,4207863000,-74.00843620,40.74476754,-74.00850240,40.74437044,44.55617,22.22222
420904838_0,4207940408,62915525,-74.00080800,40.76215764,-74.00030970,40.76254124,59.90584,22.22222
420908129_0,4207978501,247081122,-74.00461110,40.75762894,-74.00502150,40.75706434,71.74828,22.22222
420908130_0,4207978499,4899886546,-74.00780360,40.75234764,-74.00801570,40.75178014,65.65704,22.22222
420908131_0,4207978500,246650510,-74.00645940,40.75510524,-74.00684230,40.75456804,67.96081,22.22222
420908132_0,247081122,4207978500,-74.00502150,40.75706434,-74.00645940,40.75510524,249.52604,22.22222
420908133_0,4899886546,4207978498,-74.00801570,40.75178014,-74.00835160,40.75090934,100.99102,22.22222
420908134_0,4207978498,246580797,-74.00835160,40.75090934,-74.00848260,40.75038644,59.45834,22.22222
421832645_0,4215665527,42449613,-74.01304070,40.71596604,-74.01293310,40.71642344,51.72060,22.22222
421852029_0,4215913810,42443549,-73.99751050,40.76598204,-73.99780550,40.76557794,51.40227,22.22222
421852030_0,4215913808,42453555,-73.99830860,40.76488864,-73.99871610,40.76433044,71.00454,22.22222
421852031_0,42432605,4215913810,-73.99734630,40.76620704,-73.99751050,40.76598204,28.61819,22.22222
421852033_0,4215913811,42440253,-73.99661080,40.76721464,-73.99689180,40.76682974,48.96045,22.22222
421852034_0,247120300,4215913813,-73.99479450,40.76935294,-73.99469020,40.76952854,21.43440,22.22222
421852035_0,42424218,247122533,-73.99503840,40.76937804,-73.99512150,40.76925474,15.41031,22.22222
421852036_0,247122533,4215913812,-73.99512150,40.76925474,-73.99555370,40.76866294,75.28438,22.22222
421852037_0,4215913812,42446386,-73.99555370,40.76866294,-73.99596970,40.76809294,72.49991,22.22222
421852038_0,4215913809,247120150,-73.99792920,40.76501354,-73.99764650,40.76540164,49.34188,22.22222
421852039_0,42440253,42432605,-73.99689180,40.76682974,-73.99734630,40.76620704,79.20505,22.22222
421852040_0,42443549,593854257,-73.99780550,40.76557794,-73.99792380,40.76541594,20.60824,22.22222
421852041_0,62915516,4782404432,-73.99758500,40.76548594,-73.99746730,40.76566594,22.36019,22.22222
421852041_1,4782404432,62915536,-73.99746730,40.76566594,-73.99712700,40.76611474,57.61256,22.22222
421852041_2,62915536,62915521,-73.99712700,40.76611474,-73.99667290,40.76673814,79.25699,22.22222
421853646_0,4215936935,4215936934,-74.00200480,40.76123554,-74.00210780,40.76109354,18.03599,22.22222
421853647_0,42453541,593840148,-74.00251520,40.76009294,-74.00219730,40.76053984,56.51049,22.22222
421853648_0,4215936934,247084442,-74.00210780,40.76109354,-74.00238390,40.76069604,50.00079,22.22222
421853648_1,247084442,247085079,-74.00238390,40.76069604,-74.00274750,40.76019044,64.09147,22.22222
421853648_2,247085079,247079889,-74.00274750,40.76019044,-74.00343100,40.75925274,119.23766,22.22222
421853809_0,4215938031,373921634,-74.00353810,40.75867364,-74.00342570,40.75883184,19.99910,22.22222
421853810_0,42437678,593840108,-74.00479060,40.75696724,-74.00466670,40.75713604,21.49986,22.22222
421853810_1,593840108,247081715,-74.00466670,40.75713604,-74.00378000,40.75834414,153.87179,22.22222
421853810_2,247081715,4215938031,-74.00378000,40.75834414,-74.00353810,40.75867364,41.96967,22.22222
432550168_0,42431487,42423549,-73.97186080,40.72768814,-73.97471410,40.72105134,784.87112,33.33333
438362422_0,246909454,588593353,-74.01601210,40.70716014,-74.01623240,40.70662864,62.01816,22.22222
438362423_0,588593059,246913431,-74.01569720,40.70730714,-74.01551220,40.70770084,46.52395,22.22222
438363729_0,246913431,42446640,-74.01551220,40.70770084,-74.01519710,40.70849454,92.27967,22.22222
438363729_1,42446640,42452314,-74.01519710,40.70849454,-74.01486420,40.70944584,109.56076,22.22222
438363729_2,42452314,42437396,-74.01486420,40.70944584,-74.01472910,40.70982674,43.91623,22.22222
438367286_0,246858445,4207143417,-74.01227550,40.72033534,-74.01284930,40.71797854,266.79659,22.22222
438368333_0,246647955,593816391,-74.00941040,40.74045894,-74.00962530,40.74010184,43.69017,22.22222
438370108_0,42442294,4207143436,-74.01087230,40.72617614,-74.01062510,40.72839224,247.60962,22.22222
438900013_0,42453395,42453398,-74.01368380,40.71370154,-74.01341780,40.71443764,84.96097,22.22222
438900013_1,42453398,4207143415,-74.01341780,40.71443764,-74.01333480,40.71472524,32.78431,22.22222
46116181_0,588593353,587987721,-74.01623240,40.70662864,-74.01681430,40.70513674,173.18508,22.22222
46116181_1,587987721,246858654,-74.01681430,40.70513674,-74.01690870,40.70483174,35.04751,22.22222
46154288_0,588455697,588455698,-73.98526050,40.71065604,-73.98463560,40.71050454,55.65318,16.66667
46201632_0,5779545445,42426851,-73.96835710,40.74781254,-73.96927250,40.74693004,125.77960,22.22222
46201644_0,42422509,42457925,-73.97415300,40.73745874,-73.97309670,40.73896274,189.94117,22.22222
46201645_0,589099734,3734911590,-73.97130510,40.74434894,-73.96940750,40.74641324,280.93029,22.22222
46201653_0,42450910,370898636,-73.97505400,40.73612234,-73.97352490,40.73088524,601.15927,33.33333
46201667_0,42451712,42454391,-73.97494880,40.72033424,-73.97507090,40.71899774,149.14362,22.22222
46201667_1,42454391,42457401,-73.97507090,40.71899774,-73.97510520,40.71876354,26.23115,22.22222
46211842_0,406006380,589298625,-73.95765640,40.76012294,-73.95797940,40.75978394,46.57088,22.22222
46211843_0,589298625,406006393,-73.95797940,40.75978394,-73.95820840,40.75934764,52.71299,22.22222
46211847_1,406006393,42450645,-73.95820840,40.75934764,-73.95915030,40.75805764,164.10449,33.33333
46334605_0,42444129,42443928,-73.99177700,40.70983194,-73.98978460,40.71013144,171.39758,22.22222
46334605_1,42443928,42443937,-73.98978460,40.71013144,-73.98939140,40.71017404,33.51629,22.22222
46334605_2,42443937,4581870335,-73.98939140,40.71017404,-73.98831360,40.71030034,92.02742,22.22222
46334605_3,4581870335,5458544542,-73.98831360,40.71030034,-73.98797610,40.71033904,28.80316,22.22222
46334605_4,5458544542,5458544539,-73.98797610,40.71033904,-73.98735320,40.71040824,53.12303,22.22222
46334605_5,5458544539,42440449,-73.98735320,40.71040824,-73.98658610,40.71049354,65.42212,22.22222
46334605_6,42440449,3683163348,-73.98658610,40.71049354,-73.98588860,40.71058024,59.64237,22.22222
46334605_7,3683163348,588455697,-73.98588860,40.71058024,-73.98526050,40.71065604,53.66762,22.22222
46422586_0,246858431,5815234915,-74.01503790,40.70983484,-74.01507770,40.70971194,14.08735,22.22222
46443588_0,61273001,42440973,-73.99466530,40.77080534,-73.99478780,40.77000334,89.90896,22.22222
46443624_0,61271722,61273008,-73.99421730,40.77150864,-73.99386960,40.77208434,70.71517,33.33333
464847780_0,246579597,246580736,-74.00769560,40.74775664,-74.00764960,40.74818434,47.76913,22.22222
464847785_0,593854257,4215913808,-73.99792380,40.76541594,-73.99830860,40.76488864,67.06805,22.22222
473884145_0,246649429,246647920,-74.00990590,40.73881254,-74.00985120,40.73929724,54.25773,22.22222
475867321_0,246858449,4207143416,-74.01322230,40.71652764,-74.01341400,40.71579994,82.60634,22.22222
481856150_0,247120150,62915516,-73.99764650,40.76540164,-73.99758500,40.76548594,10.72148,22.22222
495253326_0,593840148,42448996,-74.00219730,40.76053984,-74.00207080,40.76071614,22.33687,22.22222
495253326_1,42448996,42453545,-74.00207080,40.76071614,-74.00163720,40.76132014,76.53403,22.22222
495253326_2,42453545,593854267,-74.00163720,40.76132014,-74.00152860,40.76147184,19.21001,22.22222
495253326_3,593854267,62915549,-74.00152860,40.76147184,-74.00106210,40.76195724,67.01643,22.22222
496982371_0,4207143428,42440854,-74.01105070,40.72518134,-74.01093000,40.72580674,70.35993,22.22222
505776502_0,246647920,246647922,-74.00985120,40.73929724,-74.00955080,40.73991504,73.43954,22.22222
505777310_0,62915509,62915527,-73.99958690,40.76305454,-73.99896890,40.76361774,81.63813,22.22222
505777313_0,62915525,4782363328,-74.00030970,40.76254124,-73.99995900,40.76278674,40.26545,22.22222
505777313_1,4782363328,62915509,-73.99995900,40.76278674,-73.99958690,40.76305454,43.28248,22.22222
505777317_0,42443570,42453548,-73.99979120,40.76315154,-74.00052400,40.76264454,83.68702,22.22222
516664206_0,42436316,42440918,-74.01177030,40.72163434,-74.01162750,40.72232724,78.06848,22.22222
516664207_0,246890279,246890098,-74.01171880,40.72299944,-74.01185440,40.72235014,73.17949,22.22222
516664210_0,4207143418,42436316,-74.01204260,40.72031044,-74.01177030,40.72163434,149.15584,22.22222
528759347_0,387184988,42439191,-73.97442030,40.73259064,-73.97446110,40.73274554,17.58350,22.22222
528792682_0,5137978709,387184988,-73.97433440,40.73229844,-73.97442030,40.73259064,33.33020,22.22222
533464384_0,42457925,42457940,-73.97309670,40.73896274,-73.97270230,40.74004654,125.55090,22.22222
5669190_0,42423295,42423296,-73.97758600,40.71325004,-73.97778090,40.71244854,91.27226,22.22222
5669194_0,4207806919,278608816,-73.99782890,40.70887784,-73.99930880,40.70849504,133.62536,22.22222
5671197_1,278609760,42444108,-73.99943040,40.70828834,-73.99900030,40.70854574,46.24141,22.22222
5671197_2,42444108,1538237325,-73.99900030,40.70854574,-73.99783130,40.70897894,110.59428,22.22222
5671197_3,1538237325,42437135,-73.99783130,40.70897894,-73.99623100,40.70920574,137.37896,22.22222
5671197_4,42437135,588455857,-73.99623100,40.70920574,-73.99593320,40.70924804,25.56676,22.22222
5671197_5,588455857,42444116,-73.99593320,40.70924804,-73.99402710,40.70951824,163.63115,22.22222
5671197_6,42444116,42444123,-73.99402710,40.70951824,-73.99198150,40.70980254,175.49094,22.22222
5671198_0,588455698,42423307,-73.98463560,40.71050454,-73.98163690,40.71073614,255.56983,22.22222
5671887_0,370898426,42431487,-73.97215220,40.72962294,-73.97186080,40.72768814,221.36286,33.33333
5672244_0,246911576,3574648569,-74.01580470,40.70705314,-74.01573470,40.70722164,19.66547,22.22222
5672244_1,3574648569,588593059,-74.01573470,40.70722164,-74.01569720,40.70730714,10.03009,22.22222
5672337_0,278608816,42453792,-73.99930880,40.70849504,-74.00091980,40.70905154,152.05915,22.22222
5673276_0,62915549,4207940408,-74.00106210,40.76195724,-74.00080800,40.76215764,30.93228,22.22222
584971524_0,42444123,42444129,-73.99198150,40.70980254,-73.99177700,40.70983194,17.56390,22.22222
587038047_0,370912817,589100393,-73.97289880,40.74067134,-73.97308010,40.73978064,100.35777,33.33333
587038048_0,42445392,42451126,-73.97207760,40.74318644,-73.97247300,40.74279084,57.82811,22.22222
587355677_0,370898636,370898426,-73.97352490,40.73088524,-73.97215220,40.72962294,182.78206,33.33333
587355679_0,5145531517,5137978709,-73.97398540,40.73123184,-73.97433440,40.73229844,123.15098,22.22222
588157330_0,42440854,42442294,-74.01093000,40.72580674,-74.01087230,40.72617614,41.40852,22.22222
614853315_0,5815234915,588593611,-74.01507770,40.70971194,-74.01577540,40.70774574,226.67471,22.22222
68325061_0,373921634,247084436,-74.00342570,40.75883184,-74.00313210,40.75925194,52.91385,22.22222
68325061_1,247084436,42453541,-74.00313210,40.75925194,-74.00251520,40.76009294,107.10015,22.22222
68325104_0,246650510,4899886584,-74.00684230,40.75456804,-74.00725130,40.75384564,87.84765,22.22222
68325104_1,4899886584,4207978499,-74.00725130,40.75384564,-74.00780360,40.75234764,173.14736,22.22222
68506901_0,61275380,61273004,-73.99452890,40.76993134,-73.99440600,40.77071384,87.73410,22.22222
68506901_1,61273004,61271722,-73.99440600,40.77071384,-73.99421730,40.77150864,90.08242,22.22222
68506902_0,42440973,42424218,-73.99478780,40.77000334,-73.99503840,40.76937804,72.88729,22.22222
68506907_0,4215913813,61275380,-73.99469020,40.76952854,-73.99452890,40.76993134,46.89169,22.22222
68668536_0,42446386,42453564,-73.99596970,40.76809294,-73.99644870,40.76743674,83.46775,22.22222
68668536_1,42453564,4215913811,-73.99644870,40.76743674,-73.99661080,40.76721464,28.24987,22.22222
95181768_0,246648627,246649427,-74.01004710,40.73932864,-74.01011860,40.73851694,90.96241,22.22222
95181768_1,246649427,4207143439,-74.01011860,40.73851694,-74.01062140,40.73042824,902.37166,22.22222
